"LAST_REFRESH","YEAR","COMMUNITY","BFSNR","FLAG","STF_O_KIRCHE1","STF_O_KIRCHE2","STF_O_KIRCHE3","DIFF_O_KIRCHE","STF_REF1","STF_REF2","STF_REF3","DIFF_REF","STF_KATH1","STF_KATH2","STF_KATH3","DIFF_KATH","STF_CKRKATH1","STF_CKRKATH2","STF_CKRKATH3","DIFF_CHRKATH","JUR_PERS"
"24.03.2026",2026,"Aeugst a.A.",1,"definitiv",92,,,0,106,,,2,105,,,0,106,,,0,105.67
"24.03.2026",2026,"Affoltern a.A.",2,"definitiv",122,,,0,136,,,2,135,,,0,136,,,0,135.49
"24.03.2026",2026,"Bonstetten",3,"definitiv",106,,,-3,120,,,-1,117,,,-3,120,,,-3,118.68
"24.03.2026",2026,"Hausen a.A.",4,"definitiv",112,,,0,126,,,2,126,,,0,126,,,0,126
"24.03.2026",2026,"Hedingen",5,"definitiv",100,,,0,114,,,2,113,,,0,114,,,0,113.6
"24.03.2026",2026,"Kappel a.A.",6,"definitiv",102,,,0,116,,,0,116,,,0,116,,,0,116
"24.03.2026",2026,"Knonau",7,"definitiv",116,,,0,130,,,0,130,,,0,130,,,0,130
"24.03.2026",2026,"Maschwanden",8,"definitiv",128,,,-1,142,,,1,142,,,-1,142,,,-1,142
"24.03.2026",2026,"Mettmenstetten",9,"definitiv",98,,,0,112,,,2,112,,,0,112,,,0,112
"24.03.2026",2026,"Obfelden",10,"definitiv",118,,,-1,130,,,-1,131,,,-1,132,,,-1,130.49
"24.03.2026",2026,"Ottenbach",11,"definitiv",115,,,0,129,,,2,128,,,0,129,,,0,128.57
"24.03.2026",2026,"Rifferswil",12,"definitiv",120,,,-2,134,,,0,134,,,-2,134,,,-2,134
"24.03.2026",2026,"Stallikon",13,"definitiv",101,,,-2,112,,,-2,112,,,-2,115,,,-2,112
"24.03.2026",2026,"Wettswil a.A.",14,"definitiv",89,,,-2,100,,,-2,100,,,-2,103,,,-2,100
"24.03.2026",2026,"Benken",22,"definitiv",110,,,0,124,,,0,124,,,0,124,,,0,124
"24.03.2026",2026,"Berg a.I.",23,"definitiv",98,,,0,110,,,0,111,,,0,112,,,0,110.14
"24.03.2026",2026,"Buch a.I.",24,"definitiv",106,,,0,118,,,0,119,,,0,120,,,0,118.17
"24.03.2026",2026,"Dachsen",25,"definitiv",111,,,0,123,,,0,125,,,0,125,,,0,123.62
"24.03.2026",2026,"Dorf",26,"definitiv",99,,,-5,113,,,-5,112,,,-5,113,,,-5,112.75
"24.03.2026",2026,"Feuerthalen",27,"definitiv",114,,,0,128,,,0,128,,,0,128,,,0,128
"24.03.2026",2026,"Flaach",28,"definitiv",107,,,0,119,,,0,120,,,0,121,,,0,119.26
"24.03.2026",2026,"Flurlingen",29,"definitiv",111,,,0,123,,,0,125,,,0,125,,,0,123.64
"24.03.2026",2026,"Henggart",31,"definitiv",111,,,8,125,,,8,124,,,8,125,,,8,124.73
"24.03.2026",2026,"Kleinandelfingen",33,"definitiv",118,,,2,130,,,2,132,,,2,132,,,2,130.54
"24.03.2026",2026,"Laufen-Uhwiesen",34,"definitiv",104,,,0,116,,,0,118,,,0,118,,,0,116.58
"24.03.2026",2026,"Marthalen",35,"definitiv",107,,,0,121,,,0,121,,,0,121,,,0,121
"24.03.2026",2026,"Ossingen",37,"definitiv",113,,,14,127,,,14,127,,,14,127,,,14,127
"24.03.2026",2026,"Rheinau",38,"definitiv",112,,,0,126,,,0,126,,,0,126,,,0,126
"24.03.2026",2026,"Thalheim a.d.Th.",39,"definitiv",117,,,2,129,,,2,129,,,1,131,,,2,129
"24.03.2026",2026,"Trüllikon",40,"definitiv",110,,,0,124,,,0,124,,,0,124,,,0,124
"24.03.2026",2026,"Truttikon",41,"definitiv",107,,,0,121,,,0,121,,,0,121,,,0,121
"24.03.2026",2026,"Volken",43,"definitiv",111,,,0,123,,,0,124,,,0,125,,,0,123.22
"24.03.2026",2026,"Bachenbülach",51,"definitiv",106,,,0,116,,,0,117,,,0,120,,,0,116.46
"24.03.2026",2026,"Bassersdorf",52,"definitiv",114,,,0,126,,,0,123,,,0,128,,,0,124.53
"24.03.2026",2026,"Bülach",53,"definitiv",114,,,0,124,,,0,125,,,0,128,,,0,124.5
"24.03.2026",2026,"Dietlikon",54,"definitiv",105,,,0,116,,,0,113,,,0,119,,,0,114.5
"24.03.2026",2026,"Eglisau",55,"definitiv",113,,,0,126,,,0,126,,,0,127,,,0,126
"24.03.2026",2026,"Embrach",56,"definitiv",112,,,-2,124,,,-2,125,,,-2,126,,,-2,124.46
"24.03.2026",2026,"Freienstein-Teufen",57,"definitiv",99,,,0,113,,,0,112,,,0,113,,,0,112.68
"24.03.2026",2026,"Glattfelden",58,"definitiv",120,,,0,134,,,0,133,,,0,134,,,0,133.59
"24.03.2026",2026,"Hochfelden",59,"definitiv",116,,,0,126,,,0,127,,,0,130,,,0,126.4
"24.03.2026",2026,"Höri",60,"definitiv",110,,,0,120,,,0,121,,,0,124,,,0,120.56
"24.03.2026",2026,"Hüntwangen",61,"definitiv",108,,,0,122,,,0,121,,,0,122,,,0,121.69
"24.03.2026",2026,"Kloten",62,"definitiv",100,,,0,109,,,0,109,,,0,114,,,0,109
"24.03.2026",2026,"Lufingen",63,"definitiv",97,,,5,109,,,5,110,,,5,111,,,5,109.48
"24.03.2026",2026,"Nürensdorf",64,"definitiv",90,,,0,102,,,0,99,,,0,104,,,0,100.77
"24.03.2026",2026,"Oberembrach",65,"definitiv",117,,,-5,129,,,-5,130,,,-5,131,,,-5,129.27
"24.03.2026",2026,"Opfikon",66,"definitiv",94,,,0,102,,,0,101,,,0,108,,,0,101.34
"24.03.2026",2026,"Rafz",67,"definitiv",113,,,0,127,,,0,126,,,0,127,,,0,126.63
"24.03.2026",2026,"Rorbas",68,"definitiv",103,,,0,117,,,0,116,,,0,117,,,0,116.57
"24.03.2026",2026,"Wallisellen",69,"definitiv",93,,,0,100,,,0,101,,,0,107,,,0,100.55
"24.03.2026",2026,"Wasterkingen",70,"definitiv",116,,,0,130,,,0,129,,,0,130,,,0,129.75
"24.03.2026",2026,"Wil",71,"definitiv",97,,,-2,111,,,-2,110,,,-2,111,,,-2,110.75
"24.03.2026",2026,"Winkel",72,"definitiv",76,,,0,86,,,0,87,,,0,90,,,0,86.42
"24.03.2026",2026,"Bachs",81,"definitiv",128,,,0,142,,,0,138,,,0,142,,,0,140.96
"24.03.2026",2026,"Boppelsen",82,"definitiv",94,,,0,107,,,0,104,,,0,108,,,0,105.95
"24.03.2026",2026,"Buchs",83,"definitiv",105,,,0,116,,,0,115,,,0,119,,,0,115.49
"24.03.2026",2026,"Dällikon",84,"definitiv",107,,,0,118,,,0,117,,,0,121,,,0,117.42
"24.03.2026",2026,"Dänikon",85,"definitiv",120,,,0,131,,,0,130,,,0,134,,,0,130.49
"24.03.2026",2026,"Dielsdorf",86,"definitiv",105,,,0,117,,,0,115,,,0,119,,,0,115.94
"24.03.2026",2026,"Hüttikon",87,"definitiv",113,,,0,126,,,0,123,,,0,127,,,0,124.47
"24.03.2026",2026,"Neerach",88,"definitiv",77,,,0,89,,,0,87,,,0,91,,,0,88.28
"24.03.2026",2026,"Niederglatt",89,"definitiv",106,,,0,119,,,0,116,,,0,120,,,0,117.53
"24.03.2026",2026,"Niederhasli",90,"definitiv",112,,,0,125,,,0,122,,,0,126,,,0,123.53
"24.03.2026",2026,"Niederweningen",91,"definitiv",100,,,-2,110,,,-2,110,,,-2,114,,,-2,110
"24.03.2026",2026,"Oberglatt",92,"definitiv",119,,,2,132,,,2,129,,,2,133,,,2,130.2
"24.03.2026",2026,"Oberweningen",93,"definitiv",94,,,-2,104,,,-2,104,,,-2,108,,,-2,104
"24.03.2026",2026,"Otelfingen",94,"definitiv",108,,,-4,121,,,-4,118,,,-4,122,,,-4,119.44
"24.03.2026",2026,"Regensberg",95,"definitiv",115,,,5,129,,,5,125,,,5,129,,,5,128.2
"24.03.2026",2026,"Regensdorf",96,"definitiv",117,,,0,128,,,0,127,,,0,131,,,0,127.44
"24.03.2026",2026,"Rümlang",97,"definitiv",113,,,4,127,,,4,127,,,4,127,,,4,127
"24.03.2026",2026,"Schleinikon",98,"definitiv",106,,,-2,116,,,-2,116,,,-2,120,,,-2,116
"24.03.2026",2026,"Schöfflisdorf",99,"definitiv",94,,,-5,104,,,-5,104,,,-5,108,,,-5,104
"24.03.2026",2026,"Stadel",100,"definitiv",111,,,-2,125,,,-2,124,,,-2,125,,,-2,124.72
"24.03.2026",2026,"Steinmaur",101,"definitiv",108,,,0,120,,,0,118,,,0,122,,,0,119.12
"24.03.2026",2026,"Weiach",102,"definitiv",96,,,0,107,,,0,109,,,0,110,,,0,107.68
"24.03.2026",2026,"Bäretswil",111,"definitiv",104,,,-2,118,,,-2,117,,,-2,118,,,-2,117.71
"24.03.2026",2026,"Bubikon",112,"definitiv",118,,,0,132,,,0,131,131,,1,132,,,0,131.62
"24.03.2026",2026,"Dürnten",113,"definitiv",113,,,0,127,,,0,126,,,1,127,,,0,126.57
"24.03.2026",2026,"Fischenthal",114,"definitiv",122,,,0,136,,,0,135,,,0,136,,,0,135.7
"24.03.2026",2026,"Gossau",115,"definitiv",117,,,0,131,,,0,131,,,0,131,,,0,131
"24.03.2026",2026,"Grüningen",116,"definitiv",116,,,0,128,,,0,129,,,0,130,,,0,128.34
"24.03.2026",2026,"Hinwil",117,"definitiv",116,,,-3,128,,,-3,132,,,-3,130,,,-3,129.6
"24.03.2026",2026,"Rüti",118,"definitiv",119,,,0,133,,,0,132,,,1,133,,,0,132.47
"24.03.2026",2026,"Seegräben",119,"definitiv",111,,,0,123,,,0,125,,,0,125,,,0,123.68
"24.03.2026",2026,"Wald",120,"definitiv",122,,,0,136,,,0,134,,,0,136,,,0,135.02
"24.03.2026",2026,"Wetzikon",121,"definitiv",119,,,0,133,,,0,133,,,0,133,,,0,133
"24.03.2026",2026,"Adliswil",131,"definitiv",104,,,2,115,,,3,115,,,3,118,,,2,115
"24.03.2026",2026,"Kilchberg",135,"definitiv",72,,,0,80,,,0,78,,,0,86,,,0,79.06
"24.03.2026",2026,"Langnau a.A.",136,"definitiv",106,,,0,117,,,1,119,,,0,120,,,0,118.06
"24.03.2026",2026,"Oberrieden",137,"definitiv",84,,,0,96,,,0,95,,,0,98,,,0,95.58
"24.03.2026",2026,"Richterswil",138,"definitiv",99,,,0,111,,,0,113,,,0,113,,,0,111.98
"24.03.2026",2026,"Rüschlikon",139,"definitiv",75,,,0,85,,,0,85,,,0,89,,,0,85
"24.03.2026",2026,"Thalwil",141,"definitiv",78,,,0,89,,,0,88,,,0,92,,,0,88.48
"24.03.2026",2026,"Erlenbach",151,"definitiv",76,,,0,84,,,0,83,,,0,90,,,0,83.58
"24.03.2026",2026,"Herrliberg",152,"definitiv",73,,,-2,82,,,-2,81,,,-2,87,,,-2,81.57
"24.03.2026",2026,"Hombrechtikon",153,"definitiv",113,,,0,124,,,0,126,,,0,127,,,0,124.92
"24.03.2026",2026,"Küsnacht",154,"definitiv",73,,,0,80,,,0,80,,,0,87,,,0,80
"24.03.2026",2026,"Männedorf",155,"definitiv",87,,,-4,98,,,-4,98,,,-4,101,,,-4,98
"24.03.2026",2026,"Meilen",156,"definitiv",79,,,0,88,,,0,86,,,0,93,,,0,87.16
"24.03.2026",2026,"Oetwil a.S.",157,"definitiv",114,,,-2,128,,,-2,123,,,-2,128,,,-2,125.55
"24.03.2026",2026,"Stäfa",158,"definitiv",83,,,5,94,,,5,94,,,5,97,,,5,94
"24.03.2026",2026,"Uetikon a.S.",159,"definitiv",84,,,0,95,,,0,95,,,0,98,,,0,95
"24.03.2026",2026,"Zumikon",160,"definitiv",71,,,-4,79,,,-4,79,,,-4,85,,,-4,79
"24.03.2026",2026,"Zollikon",161,"definitiv",76,,,0,84,,,0,84,,,0,90,,,0,84
"24.03.2026",2026,"Fehraltorf",172,"definitiv",111,,,0,124,,,0,122,,,0,125,,,0,123.2
"24.03.2026",2026,"Hittnau",173,"definitiv",113,,,0,126,,,-1,124,,,0,127,,,0,125.4
"24.03.2026",2026,"Lindau",176,"definitiv",106,,,0,118,,,0,119,,,0,120,,,0,118.41
"24.03.2026",2026,"Pfäffikon",177,"definitiv",110,,,0,122,,,0,121,,,0,124,,,0,121.63
"24.03.2026",2026,"Russikon",178,"definitiv",113,,,0,125,,,0,124,,,0,127,,,0,124.67
"24.03.2026",2026,"Weisslingen",180,"definitiv",116,,,0,129,,,0,129,,,0,130,,,0,129
"24.03.2026",2026,"Wila",181,"definitiv",122,,,-3,136,,,-3,135,,,-3,136,,,-3,135.72
"24.03.2026",2026,"Wildberg",182,"definitiv",124,,,-3,138,,,-3,137,,,-3,138,,,-3,137.8
"24.03.2026",2026,"Dübendorf",191,"definitiv",92,,,-4,103,,,-4,103,,,-4,106,,,-4,103
"24.03.2026",2026,"Egg",192,"definitiv",101,,,0,113,,,0,110,,,0,115,,,0,111.65
"24.03.2026",2026,"Fällanden",193,"definitiv",99,,,0,110,,,0,110,,,0,113,,,0,110
"24.03.2026",2026,"Greifensee",194,"definitiv",101,,,5,112,,,5,111,,,5,115,,,5,111.57
"24.03.2026",2026,"Maur",195,"definitiv",81,,,-4,90,,,-4,90,,,-4,95,,,-4,90
"24.03.2026",2026,"Mönchaltorf",196,"definitiv",108,,,0,121,,,0,117,,,0,122,,,0,119.52
"24.03.2026",2026,"Schwerzenbach",197,"definitiv",103,,,-1,114,,,-1,114,,,-1,117,,,-1,114
"24.03.2026",2026,"Uster",198,"definitiv",112,110,,0,123,121,,0,122,120,,0,126,124,,0,122.54
"24.03.2026",2026,"Volketswil",199,"definitiv",101,,,0,111,,,0,111,,,0,115,,,0,111
"24.03.2026",2026,"Wangen-Brüttisellen",200,"definitiv",101,,,0,112,,,0,109,,,0,115,,,0,110.44
"24.03.2026",2026,"Altikon",211,"definitiv",114,,,0,126,,,0,126,,,-1,128,,,0,126
"24.03.2026",2026,"Brütten",213,"definitiv",85,,,0,97,,,0,98,,,0,99,,,0,97.27
"24.03.2026",2026,"Dägerlen",214,"definitiv",106,,,0,120,,,0,118,,,-1,120,,,0,119.82
"24.03.2026",2026,"Dättlikon",215,"definitiv",112,,,-2,124,,,-2,125,,,-2,126,,,-2,124.23
"24.03.2026",2026,"Dinhard",216,"definitiv",90,,,0,102,,,0,102,,,-1,104,,,0,102
"24.03.2026",2026,"Ellikon a.d.Th.",218,"definitiv",117,,,0,129,,,0,129,,,-1,131,,,0,129
"24.03.2026",2026,"Elsau",219,"definitiv",117,,,0,131,,,0,129,,,-1,131,,,0,130.61
"24.03.2026",2026,"Hagenbuch",220,"definitiv",121,,,-2,135,,,-2,135,,,-2,135,,,-2,135
"24.03.2026",2026,"Hettlingen",221,"definitiv",97,,,0,110,,,0,109,,,-1,111,,,0,109.5
"24.03.2026",2026,"Neftenbach",223,"definitiv",98,,,-4,108,,,-4,111,,,-4,112,,,-4,108.9
"24.03.2026",2026,"Pfungen",224,"definitiv",112,,,-5,124,,,-5,125,,,-5,126,,,-5,124.41
"24.03.2026",2026,"Rickenbach",225,"definitiv",112,,,4,124,,,4,124,,,3,126,,,4,124
"24.03.2026",2026,"Schlatt",226,"definitiv",123,,,-2,137,,,-2,135,,,-2,137,,,-2,136.64
"24.03.2026",2026,"Seuzach",227,"definitiv",100,,,0,112,,,0,112,,,-1,114,,,0,112
"24.03.2026",2026,"Turbenthal",228,"definitiv",122,112,,0,136,126,,0,135,125,,0,136,126,,0,135.67
"24.03.2026",2026,"Winterthur",230,"definitiv",125,,,0,138,,,0,142,,,0,139,,,0,139.72
"24.03.2026",2026,"Zell",231,"definitiv",115,,,-3,129,,,-3,127,,,-3,129,,,-3,128.22
"24.03.2026",2026,"Aesch",241,"definitiv",91,,,0,102,,,0,101,,,0,105,,,0,101.6
"24.03.2026",2026,"Birmensdorf",242,"definitiv",112,,,0,123,,,0,122,,,0,126,,,0,122.54
"24.03.2026",2026,"Dietikon",243,"definitiv",121,,,0,133,,,0,134,,,0,135,,,0,133.69
"24.03.2026",2026,"Geroldswil",244,"definitiv",112,,,0,123,,,0,121,,,0,126,,,0,121.84
"24.03.2026",2026,"Oberengstringen",245,"definitiv",109,,,0,119,,,0,122,,,0,123,,,0,120.74
"24.03.2026",2026,"Oetwil a.d.L.",246,"definitiv",107,,,0,118,,,0,116,,,0,121,,,0,116.94
"24.03.2026",2026,"Schlieren",247,"definitiv",111,,,0,122,,,0,121,,,0,125,,,0,121.28
"24.03.2026",2026,"Uitikon",248,"definitiv",78,,,0,88,,,0,88,,,0,92,,,0,88
"24.03.2026",2026,"Unterengstringen",249,"definitiv",102,,,0,113,,,0,115,,,0,116,,,0,114.08
"24.03.2026",2026,"Urdorf",250,"definitiv",115,,,0,125,,,0,126,,,0,129,,,0,125.57
"24.03.2026",2026,"Weiningen",251,"definitiv",107,,,0,118,,,0,116,,,0,121,,,0,116.92
"24.03.2026",2026,"Zürich",261,"definitiv",119,,,0,129,,,0,129,,,0,133,,,0,129.03
"24.03.2026",2026,"Andelfingen",291,"definitiv",119,,,2,131,,,2,133,,,2,133,,,2,131.5
"24.03.2026",2026,"Stammheim",292,"definitiv",112,,,-2,126,,,-2,126,,,-2,126,,,-2,126
"24.03.2026",2026,"Wädenswil",293,"definitiv",102,,,-1,113,116,,-1,115,,,-1,116,,,-1,113.94
"24.03.2026",2026,"Elgg",294,"definitiv",119,,,-2,133,,,-2,133,,,-2,133,,,-2,133
"24.03.2026",2026,"Horgen",295,"definitiv",90,,,0,100,,,0,98,,,1,104,,,0,98.98
"24.03.2026",2026,"Illnau-Effretikon",296,"definitiv",113,,,0,126,,,0,126,,,0,127,,,0,126
"24.03.2026",2026,"Bauma",297,"definitiv",120,,,0,134,,,0,133,,,0,134,,,0,133.69
"24.03.2026",2026,"Wiesendangen",298,"definitiv",86,,,-2,100,100,,-2,98,99,,-3,100,,,-2,99.36
